0,1
portatili,portable
ordinateur,computer
chiavetta,key
adaptador,adapter
jetzt,now
tarjeta,card
memoria,memory
ezüst,silver
mémoire,memory
intenso,intense
scheda,form
classe,class
speicherkarte,memory card
mobiltillbehör,mobile accessories
antracyt,anthracite
connectés,connected
unidad,Unit
zilver,silver
adaptateur,adapter
externe,outer
página,page
accessoires,accessories
montres,watches
extrem,extremely
lesen,read
laufwerk,drive
sobre,on
guardado,saved
comparar,compare
elegir,choose
mejor,best
descuento,discount
socios,partners
puedes,you can
recoger,pick
tienda,shop
gratis,free
minneskort,memory card
homologuée,homologated
fotoksi,photoxy
kostenloser,free
chiavette,keys
velocidades,speeds
allant,going
niebieski,blue
hasta,until
professionnelles,professional
jusqu,until
kamera,camera
lectura,reading
clase,class
achat,purchase
seconde,second
capacité,capacity
stockage,storage
remise,delivery
adhérents,members
karty,card
lecteur,reader
eheugenkaart,memory card
eneración,generation
ervený,red
violeta,purple
llave,wrench
compra,purchase
tecnología,technology
garantías,guarantee
métal,metal
minne,remind
erste,first
kovový,metal
przeno,figuratively
unità,unit
wysokiej,high
która,which
zosta,stayed
zaprojektowana,designed
zapisu,write
rozdzielczo,resolution
szybkich,fast
trybów,modes
seryjnych,serial
filmowania,filming
trakcie,during
korzystania,use
takich,such
zaawansowane,advanced
smartfony,smartphones
tablety,tablets
kamery,cameras
sportowe,sports
wytrzyma,survive
obudowa,case
zapewnia,ensure
bezpiecze,safety
danych,data
odporno,resistant
wstrz,shock
promieniowanie,radiation
rentgenowskie,x-rays
skrajne,extreme
temperatury,temperature
szybki,fast
odczyt,reading
wynosz,amount
pozwala,allows
swobodn,free
cyfrowej,digital
ciemni,darkroom
studiu,study
profesjonalnymi,professional
aparatami,cameras
cyfrowymi,digital
kamerami,cameras
zestawie,set
adapterem,adapter
liwiaj,lily
przes,transfer
komputera,computer
achetez,buy
produits,products
informatique,
retirez,withdraw
magasin,store
czytnikiem,reader
karte,map
versand,shipping
einfach,easy
klasse,great
portatile,portable
adattatore,adapter
gwarantuj,guarantee
szybko,quick
transferu,transfer
kompatybilna,compatible
tylko,just
dzeniami,events
wieczyst,perpetual
gwarancj,guarantee
lettura,reading
informática,Computing
plateado,silver
velocità,speed
nmarca,marca
innymi,others
speicherstick,memory card
violett,violet
harde,hard
schijf,disk
connectiviteit,connectivity
standaardkorting,standard discount
leden,members
tarjetas,card
cartes,card
flashgeheugenkaart,memory card
fialový,violet
offrez,offer
schreiben,write
déballer,unpack
interfaz,interface
conexión,connection
capacidad,capacity
envío,shipping
memorie,memory
lecteurs,reader
memóriakártya,memory card
plnou,full
aplikacja,app
trasparente,transparent
antracite,anthracite
verpackung,packaging
startseite,home page
componentes,components
speicherkarten,memory card
wasserfest,waterproof
röntgenstrahlenbeständig,x-ray resistant
fantaisie,fancy
originale,original
clefs,keys
chère,Dear
cheres,
cléusb,memory
meilleur,good
meilleure,good
intégral,integral
rapide,fast
velocidad,velocity
prueba,test
rayos,ray
accesorios,accessories
flashdisk,flash drive
zwart,black
temperatura,temperature
téléphone,phone
kupon,coupon
adapatador,adaptador
vitesses,speed
warenkorb,shopping cart
morado,purple
paquete,package
disque,disk
geheugenkaart,memory card
startsida,home page
polecana,recommended
eneration,generation
emballage,packaging
énerver,upset
kaart,card
einfangen,capture
produkty,product
seule,only
bleue,blue
aemory,armory
adaptér,adapter
rigido,stiff
esterno,external
anthrazit,anthracite
abfoto,photo
arancione,orange
producten,product
winkel,angle
média,media
lesegerät,reader
czerwony,red
imballaggio,packaging
vidéosurveillance,video surveillance
obrazów,images
datattraveller,data travels
günstig,cheap
günstiger,cheap
leistung,perfomance
nicht,not
topen,top
guter,goods
mäßige,moderate
wenig,little
handliche,handy
datensicherung,data backup
technische,technical
daten,data
produktbeschreibung,product description
produktdatenblatt,product data sheet
produktbewertungen,product reviews
bewerten,evaluate
dieses,this
produkt,product
titel,title
vielen,many
zubehör,equipment
lieferung,delivery
abholung,collection
profesional,professional
technologie,technology
transfert,transfer
pouces,inch
données,data
czarny,black
saercado,sacercated
professionale,professional
naranja,orange
clémoire,clemoir
capturer,capture
grigia,gray
íbrný,silver
solido,solid
sarcelle,teal
rendimiento,performance
gemoria,memory
calidad,quality
droni,drones
warto,good
bewegung,up
blauw,blue
blau,blue
conector,connector
deslizar,slide
émoire,memory
frustfreie,free
grise,grey
capacità,capacity
massima,maximum
najwy,high
offerta,offering
approfitta,profit
degli,
sconti,discounts
acquista,buy
pochi,few
connectique,connectors
cémoire,memory
